{
  "$schema": "https://schemas.wp.org/trunk/theme.json",
  "version": 2,
  "templateParts": [
    {
      "name": "header-with-banner",
      "title": "Header With Banner",
      "area": "header"
    }
  ],
  "settings": {
    "appearanceTools": true,
    "color": {
      "custom": true,
      "customGradient": true,
      "customDuotone": true,
      "link": true,
      "palette": [
        {
          "slug": "primary",
          "color": "#6532F9",
          "name": "Primary"
        },
        {
          "slug": "secondary",
          "color": "#FF077E",
          "name": "Secondary"
        },
        {
          "slug": "tertiary",
          "color": "#885fff",
          "name": "Tertiary"
        },
        {
          "slug": "tertiary-light",
          "color": "#AB90FA",
          "name": "Tertiary Light"
        },
        {
          "slug": "accent",
          "color": "#6D3FF4",
          "name": "Accent"
        },
        {
          "slug": "accent-lite",
          "color": "#B29AF9",
          "name": "Accent Lite"
        },
        {
          "slug": "background-alt",
          "color": "#14171C",
          "name": "Background Alternative"
        },
        {
          "slug": "foreground",
          "color": "#ABABAB",
          "name": "Foreground"
        },
        {
          "slug": "background",
          "color": "#0B0C10",
          "name": "Background"
        },
        {
          "name": "Heading Color",
          "color": "#FFFFFF",
          "slug": "heading-color"
        },
        {
          "name": "Sub Heading Color",
          "color": "#515151",
          "slug": "sub-heading-color"
        },
        {
          "name": "Foreground Alternative",
          "color": "#FEFEFE",
          "slug": "foregound-alt"
        },
        {
          "name": "Border Color",
          "color": "#1E222C",
          "slug": "border-color"
        },
        {
          "color": "#ffffff00",
          "name": "Transparent",
          "slug": "transparent"
        }
      ]
    }
  },
  "styles": {
    "typography": {
      "fontFamily": "var(--wp--preset--font-family--plus-jakarta-sans)",
      "fontSize": "var(--wp-preset--font-size--small)"
    },
    "elements": {
      "heading": {
        "typography": {
          "fontFamily": "var(--wp--preset--font-family--space-grotesk)",
          "fontStyle": "normal",
          "fontWeight": "var(--wp--preset--font-weight--regular)",
          "lineHeight": "var(--wp--preset--line-height--xxSmall)"
        },
        "color": {
          "text": "var(--wp--preset--color--heading-color)",
          "background": "var(--wp--preset--color--transparent)"
        }
      }
    },
    "color": {
      "background": "var(--wp--preset--color--background)",
      "text": "var(--wp--preset--color--foreground)"
    }
  }
}
